{"_timestamp":1.7488779332978356e+09,"_step":999,"gradients/llama_proj.bias":{"_type":"histogram","values":[1,0,0,0,0,0,0,0,0,0,0,0,0,0,0,0,0,0,0,1,0,0,0,0,3,1,1,1,5,9,14,16,30,26,46,69,120,177,191,228,263,323,299,313,283,328,275,250,201,173,138,81,78,49,35,21,20,15,6,2,0,1,1,2],"bins":[-73.625,-71.94140625,-70.2578125,-68.57421875,-66.890625,-65.20703125,-63.5234375,-61.83984375,-60.15625,-58.47265625,-56.7890625,-55.10546875,-53.421875,-51.73828125,-50.0546875,-48.37109375,-46.6875,-45.00390625,-43.3203125,-41.63671875,-39.953125,-38.26953125,-36.5859375,-34.90234375,-33.21875,-31.53515625,-29.8515625,-28.16796875,-26.484375,-24.80078125,-23.1171875,-21.43359375,-19.75,-18.06640625,-16.3828125,-14.69921875,-13.015625,-11.33203125,-9.6484375,-7.96484375,-6.28125,-4.59765625,-2.9140625,-1.23046875,0.453125,2.13671875,3.8203125,5.50390625,7.1875,8.87109375,10.5546875,12.23828125,13.921875,15.60546875,17.2890625,18.97265625,20.65625,22.33984375,24.0234375,25.70703125,27.390625,29.07421875,30.7578125,32.44140625,34.125]},"_runtime":694.061212433,"_wandb":{"runtime":695},"epoch":4,"gradients/llama_proj.lora_A.weight":{"values":[1,0,2,0,0,1,3,1,2,3,3,10,12,16,14,17,33,26,39,56,74,71,76,104,102,117,129,143,137,141,192,171,148,158,141,142,116,121,87,85,80,58,49,34,45,27,19,19,12,7,7,10,3,2,2,0,1,0,0,2,0,0,0,1],"bins":[-86.3125,-83.52734375,-80.7421875,-77.95703125,-75.171875,-72.38671875,-69.6015625,-66.81640625,-64.03125,-61.24609375,-58.4609375,-55.67578125,-52.890625,-50.10546875,-47.3203125,-44.53515625,-41.75,-38.96484375,-36.1796875,-33.39453125,-30.609375,-27.82421875,-25.0390625,-22.25390625,-19.46875,-16.68359375,-13.8984375,-11.11328125,-8.328125,-5.54296875,-2.7578125,0.02734375,2.8125,5.59765625,8.3828125,11.16796875,13.953125,16.73828125,19.5234375,22.30859375,25.09375,27.87890625,30.6640625,33.44921875,36.234375,39.01953125,41.8046875,44.58984375,47.375,50.16015625,52.9453125,55.73046875,58.515625,61.30078125,64.0859375,66.87109375,69.65625,72.44140625,75.2265625,78.01171875,80.796875,83.58203125,86.3671875,89.15234375,91.9375],"_type":"histogram"},"loss":0.6931676864624023,"gradients/llama_proj.lora_B.weight":{"_type":"histogram","values":[1,0,0,0,0,0,0,0,0,0,0,0,0,0,0,0,1,0,0,0,1,1,1,7,3,11,12,32,45,98,207,313,536,840,1253,1588,1800,1978,1927,1808,1365,1021,616,401,218,127,87,40,21,10,9,1,1,0,2,0,0,0,0,0,0,0,1,1],"bins":[-2818,-2743.25,-2668.5,-2593.75,-2519,-2444.25,-2369.5,-2294.75,-2220,-2145.25,-2070.5,-1995.75,-1921,-1846.25,-1771.5,-1696.75,-1622,-1547.25,-1472.5,-1397.75,-1323,-1248.25,-1173.5,-1098.75,-1024,-949.25,-874.5,-799.75,-725,-650.25,-575.5,-500.75,-426,-351.25,-276.5,-201.75,-127,-52.25,22.5,97.25,172,246.75,321.5,396.25,471,545.75,620.5,695.25,770,844.75,919.5,994.25,1069,1143.75,1218.5,1293.25,1368,1442.75,1517.5,1592.25,1667,1741.75,1816.5,1891.25,1966]}}