{"_runtime":684.819084022,"_step":999,"gradients/llama_proj.weight":{"_type":"histogram","values":[1,0,1,0,0,2,0,1,0,0,3,4,0,4,4,7,7,11,9,17,20,24,23,53,67,87,173,607,2986,15659,76775,283490,682862,948916,715426,309325,86473,18001,3392,735,215,91,68,43,30,30,14,16,13,8,5,4,2,4,6,2,5,1,1,1,2,0,0,2],"bins":[-561,-544.2734375,-527.546875,-510.8203125,-494.09375,-477.3671875,-460.640625,-443.9140625,-427.1875,-410.4609375,-393.734375,-377.0078125,-360.28125,-343.5546875,-326.828125,-310.1015625,-293.375,-276.6484375,-259.921875,-243.1953125,-226.46875,-209.7421875,-193.015625,-176.2890625,-159.5625,-142.8359375,-126.109375,-109.3828125,-92.65625,-75.9296875,-59.203125,-42.4765625,-25.75,-9.0234375,7.703125,24.4296875,41.15625,57.8828125,74.609375,91.3359375,108.0625,124.7890625,141.515625,158.2421875,174.96875,191.6953125,208.421875,225.1484375,241.875,258.6015625,275.328125,292.0546875,308.78125,325.5078125,342.234375,358.9609375,375.6875,392.4140625,409.140625,425.8671875,442.59375,459.3203125,476.046875,492.7734375,509.5]},"gradients/llama_proj.bias":{"values":[1,0,0,0,0,1,1,1,2,5,5,8,4,16,17,28,30,37,38,55,74,70,86,117,121,112,127,159,149,175,163,187,173,184,176,182,174,198,169,154,132,111,126,84,81,66,64,46,43,41,31,16,13,15,10,4,5,3,1,0,2,1,0,2],"bins":[-33.21875,-32.224853515625,-31.23095703125,-30.237060546875,-29.2431640625,-28.249267578125,-27.25537109375,-26.261474609375,-25.267578125,-24.273681640625,-23.27978515625,-22.285888671875,-21.2919921875,-20.298095703125,-19.30419921875,-18.310302734375,-17.31640625,-16.322509765625,-15.32861328125,-14.334716796875,-13.3408203125,-12.346923828125,-11.35302734375,-10.359130859375,-9.365234375,-8.371337890625,-7.37744140625,-6.383544921875,-5.3896484375,-4.395751953125,-3.40185546875,-2.407958984375,-1.4140625,-0.420166015625,0.57373046875,1.567626953125,2.5615234375,3.555419921875,4.54931640625,5.543212890625,6.537109375,7.531005859375,8.52490234375,9.518798828125,10.5126953125,11.506591796875,12.50048828125,13.494384765625,14.48828125,15.482177734375,16.47607421875,17.469970703125,18.4638671875,19.457763671875,20.45166015625,21.445556640625,22.439453125,23.433349609375,24.42724609375,25.421142578125,26.4150390625,27.408935546875,28.40283203125,29.396728515625,30.390625],"_type":"histogram"},"_wandb":{"runtime":685},"epoch":4,"loss":0.6389310359954834,"_timestamp":1.748670586513361e+09}