{"_step":999,"epoch":4,"loss":0.6361019015312195,"gradients/llama_proj.weight":{"_type":"histogram","values":[2,0,1,1,0,0,0,1,3,0,4,4,5,3,6,5,11,14,16,13,28,32,38,78,113,246,976,4918,26947,122471,399852,817362,927166,572458,208128,51923,10090,1905,440,133,95,53,50,29,23,21,15,5,11,9,3,6,0,3,3,1,2,1,0,1,1,2,0,1],"bins":[-550.5,-533.40625,-516.3125,-499.21875,-482.125,-465.03125,-447.9375,-430.84375,-413.75,-396.65625,-379.5625,-362.46875,-345.375,-328.28125,-311.1875,-294.09375,-277,-259.90625,-242.8125,-225.71875,-208.625,-191.53125,-174.4375,-157.34375,-140.25,-123.15625,-106.0625,-88.96875,-71.875,-54.78125,-37.6875,-20.59375,-3.5,13.59375,30.6875,47.78125,64.875,81.96875,99.0625,116.15625,133.25,150.34375,167.4375,184.53125,201.625,218.71875,235.8125,252.90625,270,287.09375,304.1875,321.28125,338.375,355.46875,372.5625,389.65625,406.75,423.84375,440.9375,458.03125,475.125,492.21875,509.3125,526.40625,543.5]},"gradients/llama_proj.bias":{"_type":"histogram","values":[1,0,0,0,0,2,0,0,4,7,8,7,7,14,21,23,35,49,48,57,73,101,98,105,113,119,150,141,161,174,160,184,179,182,183,191,175,175,148,156,122,131,102,78,87,70,45,42,43,38,21,20,10,9,8,2,7,4,1,0,2,2,0,1],"bins":[-32.75,-31.755859375,-30.76171875,-29.767578125,-28.7734375,-27.779296875,-26.78515625,-25.791015625,-24.796875,-23.802734375,-22.80859375,-21.814453125,-20.8203125,-19.826171875,-18.83203125,-17.837890625,-16.84375,-15.849609375,-14.85546875,-13.861328125,-12.8671875,-11.873046875,-10.87890625,-9.884765625,-8.890625,-7.896484375,-6.90234375,-5.908203125,-4.9140625,-3.919921875,-2.92578125,-1.931640625,-0.9375,0.056640625,1.05078125,2.044921875,3.0390625,4.033203125,5.02734375,6.021484375,7.015625,8.009765625,9.00390625,9.998046875,10.9921875,11.986328125,12.98046875,13.974609375,14.96875,15.962890625,16.95703125,17.951171875,18.9453125,19.939453125,20.93359375,21.927734375,22.921875,23.916015625,24.91015625,25.904296875,26.8984375,27.892578125,28.88671875,29.880859375,30.875]},"_wandb":{"runtime":680},"_timestamp":1.7485776008218222e+09,"_runtime":679.971966151}