{"loss":0.6958149671554565,"_runtime":851.196066566,"epoch":4,"_wandb":{"runtime":851},"_timestamp":1.7487261132356741e+09,"gradients/llama_proj.lora_A.weight":{"values":[1,0,1,1,1,5,3,1,3,10,11,12,12,14,27,36,23,42,43,59,52,65,74,97,112,119,117,122,153,162,163,160,157,143,135,121,116,111,84,62,81,69,52,43,39,38,29,17,17,14,15,6,4,3,3,7,2,0,0,1,1,0,0,1],"bins":[-74.8125,-72.4072265625,-70.001953125,-67.5966796875,-65.19140625,-62.7861328125,-60.380859375,-57.9755859375,-55.5703125,-53.1650390625,-50.759765625,-48.3544921875,-45.94921875,-43.5439453125,-41.138671875,-38.7333984375,-36.328125,-33.9228515625,-31.517578125,-29.1123046875,-26.70703125,-24.3017578125,-21.896484375,-19.4912109375,-17.0859375,-14.6806640625,-12.275390625,-9.8701171875,-7.46484375,-5.0595703125,-2.654296875,-0.2490234375,2.15625,4.5615234375,6.966796875,9.3720703125,11.77734375,14.1826171875,16.587890625,18.9931640625,21.3984375,23.8037109375,26.208984375,28.6142578125,31.01953125,33.4248046875,35.830078125,38.2353515625,40.640625,43.0458984375,45.451171875,47.8564453125,50.26171875,52.6669921875,55.072265625,57.4775390625,59.8828125,62.2880859375,64.693359375,67.0986328125,69.50390625,71.9091796875,74.314453125,76.7197265625,79.125],"_type":"histogram"},"_step":999,"gradients/llama_proj.lora_B.weight":{"values":[1,0,0,0,0,0,0,0,1,2,1,4,5,9,11,12,25,26,44,52,81,87,127,172,230,298,379,455,571,638,791,854,907,1047,1040,1074,1011,973,892,824,744,590,555,450,328,279,191,142,127,75,81,68,27,28,19,12,8,4,7,1,2,0,0,2],"bins":[-1198,-1164.0859375,-1130.171875,-1096.2578125,-1062.34375,-1028.4296875,-994.515625,-960.6015625,-926.6875,-892.7734375,-858.859375,-824.9453125,-791.03125,-757.1171875,-723.203125,-689.2890625,-655.375,-621.4609375,-587.546875,-553.6328125,-519.71875,-485.8046875,-451.890625,-417.9765625,-384.0625,-350.1484375,-316.234375,-282.3203125,-248.40625,-214.4921875,-180.578125,-146.6640625,-112.75,-78.8359375,-44.921875,-11.0078125,22.90625,56.8203125,90.734375,124.6484375,158.5625,192.4765625,226.390625,260.3046875,294.21875,328.1328125,362.046875,395.9609375,429.875,463.7890625,497.703125,531.6171875,565.53125,599.4453125,633.359375,667.2734375,701.1875,735.1015625,769.015625,802.9296875,836.84375,870.7578125,904.671875,938.5859375,972.5],"_type":"histogram"},"gradients/llama_proj.bias":{"_type":"histogram","values":[1,2,1,0,3,7,6,7,11,12,14,25,30,31,52,46,66,56,79,89,93,117,131,130,131,127,142,172,196,174,186,146,169,173,165,152,157,137,134,100,86,95,71,70,67,53,36,23,32,23,14,19,11,4,4,7,1,2,1,1,3,0,0,3],"bins":[-25.65625,-24.817626953125,-23.97900390625,-23.140380859375,-22.3017578125,-21.463134765625,-20.62451171875,-19.785888671875,-18.947265625,-18.108642578125,-17.27001953125,-16.431396484375,-15.5927734375,-14.754150390625,-13.91552734375,-13.076904296875,-12.23828125,-11.399658203125,-10.56103515625,-9.722412109375,-8.8837890625,-8.045166015625,-7.20654296875,-6.367919921875,-5.529296875,-4.690673828125,-3.85205078125,-3.013427734375,-2.1748046875,-1.336181640625,-0.49755859375,0.341064453125,1.1796875,2.018310546875,2.85693359375,3.695556640625,4.5341796875,5.372802734375,6.21142578125,7.050048828125,7.888671875,8.727294921875,9.56591796875,10.404541015625,11.2431640625,12.081787109375,12.92041015625,13.759033203125,14.59765625,15.436279296875,16.27490234375,17.113525390625,17.9521484375,18.790771484375,19.62939453125,20.468017578125,21.306640625,22.145263671875,22.98388671875,23.822509765625,24.6611328125,25.499755859375,26.33837890625,27.177001953125,28.015625]}}