{"_timestamp":1.7485776008208432e+09,"_runtime":680.182113461,"_step":999,"epoch":4,"gradients/llama_proj.bias":{"bins":[-73.4375,-71.65478515625,-69.8720703125,-68.08935546875,-66.306640625,-64.52392578125,-62.7412109375,-60.95849609375,-59.17578125,-57.39306640625,-55.6103515625,-53.82763671875,-52.044921875,-50.26220703125,-48.4794921875,-46.69677734375,-44.9140625,-43.13134765625,-41.3486328125,-39.56591796875,-37.783203125,-36.00048828125,-34.2177734375,-32.43505859375,-30.65234375,-28.86962890625,-27.0869140625,-25.30419921875,-23.521484375,-21.73876953125,-19.9560546875,-18.17333984375,-16.390625,-14.60791015625,-12.8251953125,-11.04248046875,-9.259765625,-7.47705078125,-5.6943359375,-3.91162109375,-2.12890625,-0.34619140625,1.4365234375,3.21923828125,5.001953125,6.78466796875,8.5673828125,10.35009765625,12.1328125,13.91552734375,15.6982421875,17.48095703125,19.263671875,21.04638671875,22.8291015625,24.61181640625,26.39453125,28.17724609375,29.9599609375,31.74267578125,33.525390625,35.30810546875,37.0908203125,38.87353515625,40.65625],"_type":"histogram","values":[1,0,0,0,0,0,0,0,0,0,0,0,0,0,0,0,0,0,0,0,0,0,2,1,3,0,8,10,16,21,39,40,58,91,135,177,189,243,288,336,330,321,313,267,264,247,186,138,103,93,59,42,33,19,9,7,4,2,0,0,0,0,0,1]},"gradients/llama_proj.weight":{"bins":[-574,-555.7734375,-537.546875,-519.3203125,-501.09375,-482.8671875,-464.640625,-446.4140625,-428.1875,-409.9609375,-391.734375,-373.5078125,-355.28125,-337.0546875,-318.828125,-300.6015625,-282.375,-264.1484375,-245.921875,-227.6953125,-209.46875,-191.2421875,-173.015625,-154.7890625,-136.5625,-118.3359375,-100.109375,-81.8828125,-63.65625,-45.4296875,-27.203125,-8.9765625,9.25,27.4765625,45.703125,63.9296875,82.15625,100.3828125,118.609375,136.8359375,155.0625,173.2890625,191.515625,209.7421875,227.96875,246.1953125,264.421875,282.6484375,300.875,319.1015625,337.328125,355.5546875,373.78125,392.0078125,410.234375,428.4609375,446.6875,464.9140625,483.140625,501.3671875,519.59375,537.8203125,556.046875,574.2734375,592.5],"_type":"histogram","values":[1,0,0,0,2,0,2,3,4,2,5,5,3,10,8,10,16,13,23,23,31,59,70,127,186,605,2518,13510,71184,281429,715024,990243,707725,276538,69400,13389,2431,558,192,103,65,43,34,34,22,13,8,11,6,6,8,4,4,2,2,3,1,4,2,0,1,1,1,1]},"_wandb":{"runtime":680},"loss":0.6214150190353394}