{"epoch":4,"loss":0.6263083815574646,"gradients/llama_proj.bias":{"values":[1,0,0,0,0,0,0,0,0,0,0,0,0,0,0,0,0,0,0,0,0,0,1,3,1,1,7,12,14,17,28,34,50,74,113,144,165,199,238,290,306,312,314,281,258,261,248,174,139,111,92,58,53,37,21,15,15,3,4,0,1,0,0,1],"bins":[-70.5625,-68.8876953125,-67.212890625,-65.5380859375,-63.86328125,-62.1884765625,-60.513671875,-58.8388671875,-57.1640625,-55.4892578125,-53.814453125,-52.1396484375,-50.46484375,-48.7900390625,-47.115234375,-45.4404296875,-43.765625,-42.0908203125,-40.416015625,-38.7412109375,-37.06640625,-35.3916015625,-33.716796875,-32.0419921875,-30.3671875,-28.6923828125,-27.017578125,-25.3427734375,-23.66796875,-21.9931640625,-20.318359375,-18.6435546875,-16.96875,-15.2939453125,-13.619140625,-11.9443359375,-10.26953125,-8.5947265625,-6.919921875,-5.2451171875,-3.5703125,-1.8955078125,-0.220703125,1.4541015625,3.12890625,4.8037109375,6.478515625,8.1533203125,9.828125,11.5029296875,13.177734375,14.8525390625,16.52734375,18.2021484375,19.876953125,21.5517578125,23.2265625,24.9013671875,26.576171875,28.2509765625,29.92578125,31.6005859375,33.275390625,34.9501953125,36.625],"_type":"histogram"},"gradients/llama_proj.weight":{"_type":"histogram","values":[1,0,0,0,1,1,2,2,4,1,3,5,5,4,9,6,18,12,16,23,31,33,48,99,121,264,887,4671,26880,136454,476094,941648,932922,462583,130995,26021,4352,854,239,115,81,47,32,36,16,17,14,9,6,13,9,3,3,1,4,6,1,1,0,2,0,2,0,1],"bins":[-599,-580.2734375,-561.546875,-542.8203125,-524.09375,-505.3671875,-486.640625,-467.9140625,-449.1875,-430.4609375,-411.734375,-393.0078125,-374.28125,-355.5546875,-336.828125,-318.1015625,-299.375,-280.6484375,-261.921875,-243.1953125,-224.46875,-205.7421875,-187.015625,-168.2890625,-149.5625,-130.8359375,-112.109375,-93.3828125,-74.65625,-55.9296875,-37.203125,-18.4765625,0.25,18.9765625,37.703125,56.4296875,75.15625,93.8828125,112.609375,131.3359375,150.0625,168.7890625,187.515625,206.2421875,224.96875,243.6953125,262.421875,281.1484375,299.875,318.6015625,337.328125,356.0546875,374.78125,393.5078125,412.234375,430.9609375,449.6875,468.4140625,487.140625,505.8671875,524.59375,543.3203125,562.046875,580.7734375,599.5]},"_wandb":{"runtime":685},"_timestamp":1.748670586512782e+09,"_runtime":684.82267622,"_step":999}